Player Name,Club Name,Goals,Expected,Launched,Passes,Goal Kicks,Crosses,Sweeper,,Player,Nation,Pos,Age,90s,GA,PKA,FK,CK,OG,PSxG,PSxG/SoT,PSxG+/-,/90,Cmp,Att,Cmp%,Att (GK),Thr,Launch%,AvgLen
Lukáš Hrádecký,Leverkusen,fi FIN,GK,33,35.0,24,0,0,4,0,27.5,0.27,+3.5,+0.11,71,202,35.1,736,165,20.8,27.6,145,33.8,34.5,Matches,27,8.6,39,1.18,16.5
Matej Kovar,Leverkusen,cz CZE,GK,23,17.0,17,3,0,1,0,17.7,0.27,+5.7,+0.44,30,72,41.7,344,72,15.7,25.3,68,26.5,29.0,Matches,10,7.9,16,1.23,15.8
Niklas Lomb,Leverkusen,de GER,GK,30,1.0,1,0,0,0,0,0.7,0.22,-0.3,-0.34,2,4,50.0,23,4,17.4,25.3,2,0.0,13.0,Matches,0,0.0,0,0.00,10.0
Andriy Lunin,Real Madrid,ua UKR,GK,24,31.7,32,2,1,2,0,33.1,0.28,+6.1,+0.21,66,181,36.5,752,134,17.7,26.5,170,28.2,31.6,Matches,37,9.7,26,0.90,11.2
Kepa Arrizabalaga,Real Madrid,es ESP,GK,28,19.6,18,1,0,1,1,14.3,0.26,+1.3,+0.08,42,113,37.2,509,83,18.1,27.0,89,23.6,29.5,Matches,10,4.7,12,0.69,14.1
Thibaut Courtois,Real Madrid,be BEL,GK,31,4.7,0,0,0,0,0,3.9,0.23,+3.9,+0.84,11,24,45.8,126,30,16.7,26.3,20,15.0,29.8,Matches,3,4.8,5,1.07,13.9
Yann Sommer,Inter,ch SUI,GK,34,43.3,23,2,0,3,0,32.5,0.23,+9.5,+0.23,120,281,42.7,1314,152,17.4,26.0,240,21.7,27.5,Matches,24,4.8,18,0.44,11.9
Emil Audero,Inter,it ITA,GK,26,6.1,8,0,0,0,0,5.3,0.33,-0.7,-0.15,7,26,26.9,207,34,11.1,24.5,25,12.0,27.2,Matches,7,11.3,4,0.84,13.1
Raffaele Di Gennaro,Inter,it ITA,GK,29,0.3,0,0,0,0,0,0.5,0.13,+0.5,+2.08,1,2,50.0,15,3,13.3,25.2,1,0.0,10.0,Matches,0,0.0,0,0.00,
Ederson,Manchester City,br BRA,GK,29,39.3,34,3,0,2,1,32.6,0.32,+0.6,+0.02,134,275,48.7,1346,166,17.2,26.8,137,31.4,33.8,Matches,29,10.0,56,1.48,16.9
Stefan Ortega,Manchester City,de GER,GK,30,18.1,20,0,0,2,1,13.4,0.33,+0.4,+0.04,45,106,42.5,406,42,22.4,27.1,32,46.9,40.7,Matches,6,7.2,21,2.09,17.9
David Raya,Arsenal,es ESP,GK,27,41.3,31,3,1,6,1,26.4,0.25,-3.6,-0.09,178,472,37.7,1234,203,32.2,30.5,129,58.1,45.6,Matches,54,13.0,66,1.61,17.6
Aaron Ramsdale,Arsenal,eng ENG,GK,25,11.0,12,0,0,1,0,4.9,0.26,-1.1,-0.16,22,78,28.2,199,33,32.7,32.1,27,48.1,40.0,Matches,8,13.6,9,1.29,14.7
Gianluigi Donnarumma,Paris S-G,it ITA,GK,24,41.1,38,3,0,5,0,45.2,0.26,+10.2,+0.28,67,166,40.4,924,158,13.5,25.0,202,20.3,25.1,Matches,17,4.2,41,1.14,14.1
Keylor Navas,Paris S-G,cr CRC,GK,36,6.0,7,1,0,0,0,4.7,0.31,-1.3,-0.33,4,9,44.4,80,12,10.0,23.5,18,5.6,22.2,Matches,0,0.0,5,1.25,16.3
Arnau Tenas,Paris S-G,es ESP,GK,22,5.9,7,0,0,2,0,6.0,0.24,-1.0,-0.17,14,46,30.4,174,19,23.0,29.6,37,16.2,27.1,Matches,2,2.8,5,0.85,14.8
Marc-André ter Stegen,Barcelona,de GER,GK,31,36.0,37,3,0,2,0,37.5,0.27,+0.5,+0.01,123,240,51.3,1131,144,16.5,27.3,195,27.2,32.0,Matches,18,4.2,44,1.22,16.6
Iñaki Peña ,Barcelona,es ESP,GK,24,17.3,32,2,0,0,0,17.7,0.36,-3.3,-0.28,31,65,47.7,309,53,14.9,23.8,60,31.7,35.3,Matches,2,1.5,6,0.50,10.8
Alisson,Liverpool,br BRA,GK,30,32.0,32,1,0,4,1,29.3,0.26,+0.3,+0.01,72,209,34.4,1154,152,14.6,24.8,125,32.8,33.4,Matches,15,4.7,38,1.27,17.4
Caoimhín Kelleher,Liverpool,ie IRL,GK,24,26.7,32,0,0,4,2,21.9,0.31,+0.9,+0.05,58,183,31.7,753,106,22.0,28.1,58,29.3,32.0,Matches,13,8.1,24,1.33,15.4
Alexander Nübel,Stuttgart,de GER,GK,26,34.0,39,3,0,5,3,30.8,0.27,-2.2,-0.07,126,291,43.3,1103,132,23.1,28.7,112,32.1,32.7,Matches,30,8.8,57,1.90,17.3
Fabian Bredlow,Stuttgart,de GER,GK,28,4.0,3,0,0,1,0,5.0,0.23,+2.0,+0.49,22,61,36.1,168,15,31.5,31.0,11,72.7,51.7,Matches,1,1.8,5,1.25,16.6
Paulo Gazzaniga,Girona,ar ARG,GK,31,38.0,46,5,0,8,0,51.1,0.28,+5.1,+0.13,155,420,36.9,1140,178,25.6,30.0,246,52.0,44.8,Matches,41,7.7,33,0.87,13.2
Juan Carlos,Girona,es ESP,GK,35,3.0,4,1,,,,,,,,,,,,,,,,,,Matches,,,,,
Toni Fuidias,Girona,es ESP,GK,22,2.0,3,0,,,,,,,,,,,,,,,,,,Matches,,,,,
Manuel Neuer,Bayern Munich,de GER,GK,37,32.8,43,4,1,2,0,39.9,0.30,-1.1,-0.03,107,229,46.7,1094,144,19.3,28.0,128,14.1,26.1,Matches,12,3.9,43,1.35,17.8
Sven Ulreich,Bayern Munich,de GER,GK,34,15.0,20,3,1,2,0,17.2,0.36,+0.2,+0.01,39,116,33.6,466,71,22.5,27.1,66,16.7,25.3,Matches,6,4.2,18,1.29,18.2
Daniel Peretz,Bayern Munich,il ISR,GK,23,1.2,0,0,0,0,0,0.0,,0.0,0.00,0,4,0.0,15,3,26.7,33.1,2,0.0,16.5,Matches,0,0.0,0,0.00,
Jan Oblak,Atlético Madrid,si SVN,GK,30,55.0,68,2,0,5,1,51.6,0.27,-3.4,-0.07,148,435,34.0,954,226,28.6,31.9,347,46.7,38.5,Matches,47,6.5,25,0.52,11.4
Mike Maignan,Milan,fr FRA,GK,28,41.1,52,10,2,7,0,44.2,0.21,-5.8,-0.15,160,374,42.8,1360,238,21.6,28.6,212,37.7,37.5,Matches,47,9.8,49,1.22,14.7
Marco Sportiello,Milan,it ITA,GK,31,7.9,12,1,0,0,1,9.5,0.25,-1.5,-0.19,22,56,39.3,245,46,20.8,27.2,24,20.8,28.0,Matches,5,5.6,9,1.14,15.0
Antonio Mirante,Milan,it ITA,GK,40,3.0,4,0,0,1,0,3.1,0.41,+0.1,+0.05,5,14,35.7,46,5,26.1,29.2,8,25.0,29.4,Matches,1,5.9,1,0.51,11.9
Lapo Nava,Milan,it ITA,GK,19,0.0,1,0,0,0,0,0.9,0.50,-0.1,-2.83,1,1,100.0,1,0,100.0,43.0,0,,,Matches,0,,0,0.00,
Philipp Köhn,Monaco,ch SUI,GK,25,22.0,32,5,1,6,1,32.0,0.27,+1.0,+0.05,82,249,32.9,536,91,32.5,32.1,130,57.7,43.5,Matches,22,7.8,19,0.86,11.3
Radosław Majecki,Monaco,pl POL,GK,23,15.3,14,0,0,0,1,14.7,0.29,+5.7,+0.47,39,121,32.2,296,68,31.1,32.0,80,36.3,33.4,Matches,13,8.1,7,0.58,11.0
Janis Blaswich,RB Leipzig,de GER,GK,32,27.0,39,4,0,7,1,33.3,0.30,-4.7,-0.18,83,200,41.5,1022,106,15.4,26.1,175,24.6,30.0,Matches,16,5.2,42,1.62,17.8
Péter Gulácsi,RB Leipzig,hu HUN,GK,33,18.0,15,0,1,1,1,12.9,0.26,+1.9,+0.12,22,88,25.0,453,67,11.9,24.9,119,28.6,31.2,Matches,7,3.4,17,1.06,15.6
Wojciech Szczęsny,Juventus,pl POL,GK,33,35.0,30,2,0,4,2,28.3,0.24,+0.3,+0.01,147,340,43.2,828,134,32.0,32.8,174,43.1,40.2,Matches,26,4.7,20,0.57,11.6
Mattia Perin,Juventus,it ITA,GK,30,7.5,4,0,0,0,0,1.2,0.25,+0.2,+0.10,5,15,33.3,54,9,25.9,29.4,12,8.3,19.5,Matches,2,6.9,3,1.20,16.7
Carlo Pinsoglio,Juventus,it ITA,GK,33,0.5,0,0,0,0,0,0.5,0.18,+0.5,+1.06,2,5,40.0,21,1,23.8,31.4,0,,,Matches,0,0.0,0,0.00,5.0
Gregor Kobel,Dortmund,ch SUI,GK,25,41.3,47,6,0,10,2,52.5,0.27,+10.5,+0.27,170,409,41.6,1387,144,21.6,28.8,246,44.3,39.5,Matches,13,2.4,18,0.47,11.4
Alexander Meyer,Dortmund,de GER,GK,32,8.7,10,1,0,0,1,9.0,0.27,0.0,0.00,33,94,35.1,376,34,20.5,28.5,39,43.6,41.6,Matches,10,7.9,7,0.80,13.9
Marco Carnesecchi,Atalanta,it ITA,GK,23,31.9,34,4,0,2,0,30.5,0.23,-0.7,-0.03,124,356,34.8,715,151,30.6,33.8,200,68.5,52.1,Matches,22,6.3,39,1.40,14.6
Juan Musso,Atalanta,ar ARG,GK,29,24.0,21,5,0,3,1,20.2,0.23,+1.2,+0.05,111,302,36.8,620,126,31.5,32.5,147,72.8,51.7,Matches,23,10.4,39,1.70,16.5
Francesco Rossi,Atalanta,it ITA,GK,32,0.1,0,0,0,0,0,0.8,0.75,+0.8,+5.63,2,5,40.0,3,2,33.3,27.3,4,100.0,64.0,Matches,0,0.0,0,0.00,
Unai Simón,Athletic Club,es ESP,GK,26,35.4,33,1,0,2,4,38.0,0.28,+9.0,+0.26,220,679,32.4,982,144,48.5,38.7,240,84.6,60.9,Matches,31,6.9,46,1.30,16.3
Julen Agirrezabala,Athletic Club,es ESP,GK,22,11.3,8,0,0,0,0,2.4,0.20,-1.6,-0.61,18,49,36.7,78,20,35.9,32.4,22,95.5,64.5,Matches,2,4.9,3,1.13,15.3
Łukasz Skorupski,Bologna,pl POL,GK,32,34.3,29,3,1,3,1,26.6,0.23,-1.4,-0.05,103,297,34.7,829,136,26.3,29.6,188,42.0,38.7,Matches,12,2.8,15,0.47,12.2
Federico Ravaglia,Bologna,it ITA,GK,23,8.3,4,0,1,0,0,5.5,0.25,+2.5,+0.43,14,49,28.6,172,23,18.0,25.4,34,52.9,41.0,Matches,1,1.4,4,0.67,17.1
Nicola Bagnolini,Bologna,it ITA,GK,19,0.1,0,0,0,0,0,0.0,0.02,0.0,+0.36,1,2,50.0,1,0,100.0,47.0,2,50.0,53.0,Matches,0,,0,0.00,
Marco Bizot,Brest,nl NED,GK,32,32.0,34,2,0,4,0,36.2,0.27,+2.2,+0.07,232,482,48.1,908,134,39.3,35.1,188,66.5,47.3,Matches,18,4.7,41,1.28,15.7
Grégoire Coudert,Brest,fr FRA,GK,24,5.0,4,0,0,0,0,0.3,0.07,+0.3,+0.13,12,36,33.3,70,10,41.4,37.2,10,70.0,55.4,Matches,0,0.0,2,0.99,23.0
Emiliano Martínez,Aston Villa,ar ARG,GK,30,45.8,61,1,0,12,4,61.8,0.37,+7.8,+0.18,164,423,38.8,1635,196,20.7,27.6,203,41.4,36.7,Matches,54,12.1,86,2.02,17.7
Robin Olsen,Aston Villa,se SWE,GK,33,7.5,20,1,1,0,0,14.0,0.29,-4.0,-0.62,22,63,34.9,260,31,18.8,26.5,40,35.0,34.0,Matches,6,10.0,1,0.15,9.2
Filip Marshall,Aston Villa,eng ENG,GK,20,1.0,1,0,0,0,0,0.6,0.58,-0.4,-0.42,1,4,25.0,26,5,15.4,25.0,6,0.0,16.7,Matches,0,0.0,6,6.00,21.3
Lucas Chevalier,Lille,fr FRA,GK,21,42.3,39,3,0,4,2,41.4,0.26,+6.4,+0.16,123,410,30.0,1250,146,26.0,29.7,161,52.8,44.3,Matches,36,8.1,41,1.03,13.1
Vito Mannone,Lille,it ITA,GK,35,5.0,3,0,0,1,0,4.9,0.33,+1.9,+0.48,10,32,31.3,119,15,23.5,30.8,8,50.0,39.4,Matches,2,4.9,8,1.99,15.5
Guglielmo Vicario,Tottenham,it ITA,GK,26,40.0,62,7,1,8,3,60.0,0.32,+2.0,+0.05,53,225,23.6,1363,193,14.3,24.0,201,14.9,22.2,Matches,33,6.5,81,2.13,17.1
Fraser Forster,Tottenham,eng ENG,GK,35,1.3,1,0,,,,,,,,,,,,,,,,,,Matches,,,,,
Mile Svilar,Roma,rs SRB,GK,23,30.3,32,1,0,5,2,34.8,0.24,+5.8,+0.20,94,275,34.2,905,138,21.4,28.3,182,44.5,40.0,Matches,32,7.7,15,0.52,12.0
Rui Patrício,Roma,pt POR,GK,35,24.0,28,3,0,2,2,23.4,0.29,-1.6,-0.07,90,211,42.7,492,86,31.5,31.0,137,40.9,34.9,Matches,16,5.2,8,0.35,11.7
Đorđe Petrović,Chelsea,rs SRB,GK,23,30.7,44,1,0,5,3,28.3,0.26,-6.7,-0.30,67,214,31.3,655,97,22.1,27.8,149,46.3,37.8,Matches,20,6.4,20,0.91,12.7
Robert Sánchez,Chelsea,es ESP,GK,25,20.9,30,3,0,3,0,24.2,0.28,-0.8,-0.05,61,147,41.5,516,87,21.3,28.1,91,40.7,33.7,Matches,19,9.4,27,1.70,15.8
Marcin Bułka,Nice,pl POL,GK,23,38.3,35,5,0,1,1,30.7,0.22,+2.7,+0.08,74,189,39.2,1086,158,14.4,23.9,147,22.4,25.5,Matches,32,8.5,21,0.62,12.2
Ivan Provedel,Lazio,it ITA,GK,29,40.0,46,3,0,2,0,42.4,0.27,-0.6,-0.02,119,297,40.1,1046,134,21.3,30.1,215,34.4,36.1,Matches,18,3.9,25,0.66,13.8
Christos Mandas,Lazio,gr GRE,GK,21,11.0,9,0,0,2,0,7.0,0.25,+1.0,+0.12,38,114,33.3,240,29,42.5,37.7,29,41.4,37.9,Matches,6,6.1,5,0.62,13.1
Martin Dúbravka,Newcastle Utd,sk SVK,GK,34,29.7,48,4,0,6,0,43.7,0.30,-0.3,-0.01,59,174,33.9,509,148,16.1,25.5,174,52.9,39.2,Matches,20,6.6,22,0.95,12.9
Nick Pope,Newcastle Utd,eng ENG,GK,31,20.9,21,1,1,2,0,26.4,0.30,+5.4,+0.27,63,178,35.4,388,116,23.5,29.4,140,62.1,46.4,Matches,15,6.9,34,1.70,17.5
Loris Karius,Newcastle Utd,de GER,GK,30,1.0,4,0,0,1,1,2.0,0.29,-1.0,-0.99,3,18,16.7,27,5,48.1,36.3,9,55.6,41.8,Matches,1,10.0,3,3.00,19.5
Pietro Terracciano,Fiorentina,it ITA,GK,33,45.7,52,7,3,7,0,48.2,0.28,+3.2,+0.08,199,456,43.6,1308,157,28.0,31.6,221,40.7,37.4,Matches,14,3.8,27,0.64,14.7
Oliver Christensen,Fiorentina,dk DEN,GK,24,10.7,15,2,0,1,0,8.8,0.23,-4.2,-0.52,44,124,35.5,281,26,35.6,33.3,45,53.3,41.6,Matches,6,7.7,16,2.00,16.8
Tommaso Martinelli,Fiorentina,it ITA,GK,17,1.0,2,0,,,,,,,,,,,,,,,,,,Matches,,,,,
Álex Remiro,Real Sociedad,es ESP,GK,28,48.7,44,5,0,6,1,45.8,0.27,+4.8,+0.11,237,584,40.6,1319,119,34.0,33.5,193,69.9,53.0,Matches,20,4.3,60,1.35,16.8
Unai Marrero,Real Sociedad,es ESP,GK,21,4.6,3,1,0,0,0,2.9,0.37,-0.1,-0.09,10,25,40.0,37,5,45.9,37.0,8,100.0,63.4,Matches,1,3.7,4,2.54,20.1
André Onana,Manchester Utd,cm CMR,GK,27,51.7,83,10,3,12,1,72.1,0.27,+0.1,0.00,188,607,31.0,1561,166,32.0,31.7,181,59.1,44.9,Matches,44,6.5,39,0.89,12.4
Altay Bayındır,Manchester Utd,tr TUR,GK,25,1.0,2,0,,,,,,,,,,,,,,,,,,Matches,,,,,
Anthony Lopes,Lyon,pt POR,GK,32,33.0,50,4,1,7,1,43.5,0.25,-4.5,-0.15,132,362,36.5,839,156,34.1,32.4,196,38.8,34.1,Matches,36,8.2,28,0.90,12.4
Lucas Perri,Lyon,br BRA,GK,25,4.3,3,0,,,,,,,,,,,,,,,,,,Matches,,,,,
Rémy Riou,Lyon,fr FRA,GK,35,3.0,6,0,1,0,0,4.7,0.33,-1.3,-0.44,5,24,20.8,81,13,16.0,26.1,23,47.8,39.0,Matches,3,9.4,3,1.00,13.4
Brice Samba,Lens,fr FRA,GK,29,42.7,51,8,0,7,1,55.9,0.27,+7.9,+0.19,211,476,44.3,1194,188,32.2,32.1,209,44.0,35.6,Matches,42,8.2,46,1.12,14.4
Jean-Louis Leca,Lens,fr FRA,GK,37,1.0,2,0,0,0,0,1.0,0.49,-1.0,-1.03,1,10,10.0,22,5,31.8,29.0,4,75.0,60.5,Matches,0,0.0,0,0.00,9.8
Rui Silva,Betis,pt POR,GK,29,36.5,46,8,2,4,2,43.1,0.27,+2.1,+0.06,147,433,33.9,912,137,34.5,33.0,230,51.3,41.1,Matches,35,8.3,43,1.28,15.3
Claudio Bravo,Betis,cl CHI,GK,40,9.0,7,0,0,1,1,8.3,0.31,+2.3,+0.26,50,108,46.3,221,35,31.2,30.6,71,54.9,42.8,Matches,7,5.6,10,1.11,13.3
Fran Vieites,Betis,es ESP,GK,24,3.5,4,0,1,0,0,4.5,0.25,+0.5,+0.15,13,50,26.0,82,18,37.8,36.5,35,54.3,46.4,Matches,3,4.6,2,0.57,10.5
Pau López,Marseille,es ESP,GK,28,47.0,61,5,1,8,1,53.6,0.26,-5.4,-0.12,159,537,29.6,1506,159,28.1,30.9,215,53.0,42.4,Matches,26,4.7,34,0.74,13.4
Rubén Blanco,Marseille,es ESP,GK,28,3.3,3,0,0,0,0,2.3,0.29,-0.7,-0.30,8,22,36.4,74,8,24.3,26.7,14,28.6,35.3,Matches,4,13.3,3,1.27,17.0
Alex Meret,Napoli,it ITA,GK,26,38.8,53,2,1,5,1,49.0,0.31,-3.0,-0.08,78,220,35.5,973,158,17.3,27.6,202,25.7,30.3,Matches,12,2.6,38,0.98,15.3
Pierluigi Gollini,Napoli,it ITA,GK,28,10.0,13,1,0,1,0,8.2,0.34,+0.2,+0.02,27,68,39.7,213,28,22.1,29.5,53,39.6,36.3,Matches,5,6.1,9,1.29,16.2
Nikita Contini Baranovsky,Napoli,it ITA,GK,27,0.2,0,0,0,0,0,0.0,,0.0,0.00,0,0,,3,1,0.0,17.0,1,0.0,15.0,Matches,0,0.0,3,15.88,37.0
Filip Jørgensen,Villarreal,dk DEN,GK,21,37.0,64,6,1,9,1,61.0,0.28,-2.0,-0.05,146,362,40.3,1074,183,24.2,29.5,253,40.3,37.3,Matches,34,5.2,39,1.05,13.8
Pepe Reina,Villarreal,es ESP,GK,40,12.7,15,2,0,0,1,12.3,0.31,+0.3,+0.03,27,85,31.8,291,46,23.7,29.2,47,34.0,34.2,Matches,5,3.9,3,0.33,12.6
Vanja Milinković-Savić,Torino,rs SRB,GK,26,37.0,32,6,0,4,0,33.8,0.21,+2.8,+0.08,264,783,33.7,1288,171,44.8,38.3,239,86.2,66.6,Matches,38,9.3,37,1.03,13.6
Luca Gemello,Torino,it ITA,GK,23,3.3,7,1,0,0,0,3.6,0.31,-1.4,-0.72,10,29,34.5,104,8,26.9,31.1,12,8.3,19.7,Matches,3,12.5,3,1.50,12.0
Kevin Trapp,Eint Frankfurt,de GER,GK,33,40.5,60,9,1,6,0,57.0,0.30,-1.0,-0.03,113,414,27.3,1112,154,28.2,29.5,244,41.0,36.2,Matches,18,3.5,34,0.88,15.1
Jens Grahl,Eint Frankfurt,de GER,GK,34,4.5,3,0,0,0,0,2.9,0.18,-0.1,-0.04,4,34,11.8,115,23,25.2,30.9,20,25.0,34.8,Matches,5,10.2,5,1.43,14.8
Yehvann Diouf,Reims,fr FRA,GK,23,34.0,47,6,1,4,1,42.7,0.27,-3.3,-0.10,124,353,35.1,1135,179,25.2,30.1,157,42.7,36.9,Matches,38,7.3,46,1.35,14.2
Alexandre Olliero,Reims,fr FRA,GK,27,2.0,2,1,,,,,,,,,,,,,,,,,,Matches,,,,,
Alphonse Areola,West Ham,fr FRA,GK,30,32.0,60,5,0,3,3,53.0,0.24,+1.0,+0.03,163,436,37.4,661,150,43.1,36.4,230,65.7,46.2,Matches,27,5.6,8,0.26,9.0
Łukasz Fabiański,West Ham,pl POL,GK,38,21.0,30,3,0,5,1,27.7,0.29,+1.7,+0.10,96,224,42.9,365,80,46.8,37.6,109,48.6,40.5,Matches,15,6.7,5,0.29,9.9
Steve Mandanda,Rennes,fr FRA,GK,38,42.0,57,5,0,6,3,49.6,0.26,-3.4,-0.08,154,467,33.0,1210,181,28.3,31.0,228,54.4,41.9,Matches,41,7.9,40,0.98,14.7
Gauthier Gallon,Rennes,fr FRA,GK,30,5.0,4,2,0,0,0,0.9,0.01,-0.1,-0.06,8,22,36.4,33,0,36.4,35.0,12,83.3,59.8,Matches,0,0.0,3,3.00,28.0
Oliver Baumann,Hoffenheim,de GER,GK,33,36.0,68,3,3,9,1,68.6,0.31,+3.6,+0.11,208,529,39.3,1159,165,33.7,32.7,249,55.4,44.9,Matches,31,5.7,73,2.15,16.7
Josep Martinez,Genoa,es ESP,GK,25,36.0,43,3,1,4,1,38.9,0.28,-3.1,-0.09,227,583,38.9,1253,107,37.4,35.9,171,66.7,49.4,Matches,45,7.8,40,1.11,12.2
Nicola Leali,Genoa,it ITA,GK,30,5.3,7,0,0,0,0,2.8,0.31,+0.8,+0.40,18,48,37.5,62,3,69.4,44.7,10,50.0,40.6,Matches,2,7.4,1,0.51,15.2
Daniele Sommariva,Genoa,it ITA,GK,26,0.1,0,0,0,0,0,0.0,,0.0,0.00,0,3,0.0,2,0,100.0,54.5,1,100.0,76.0,Matches,1,50.0,0,0.00,15.0
Sam Johnstone,Crystal Palace,eng ENG,GK,30,22.8,33,2,0,4,1,20.0,0.27,-6.0,-0.30,117,355,33.0,453,63,55.0,41.2,141,75.2,52.8,Matches,24,7.1,12,0.60,11.2
Dean Henderson,Crystal Palace,eng ENG,GK,26,19.2,30,1,0,3,1,27.4,0.31,-1.6,-0.09,59,245,24.1,377,52,46.7,38.6,105,65.7,47.0,Matches,5,2.0,17,0.94,13.8
Remi Matthews,Crystal Palace,eng ENG,GK,29,0.0,1,0,0,0,0,0.1,0.15,-0.9,-19.20,0,5,0.0,4,0,100.0,53.8,1,100.0,63.0,Matches,1,100.0,0,0.00,3.5
Giorgi Mamardashvili,Valencia,ge GEO,GK,22,36.5,41,3,0,4,2,49.2,0.31,+10.2,+0.28,185,671,27.6,864,142,57.3,41.4,245,71.8,53.4,Matches,45,8.5,31,0.85,12.3
Jaume Doménech,Valencia,es ESP,GK,32,5.2,7,1,1,2,0,1.7,0.14,-1.3,-1.52,4,20,20.0,24,2,62.5,40.5,7,71.4,51.4,Matches,1,5.3,1,1.14,11.4
Cristian,Valencia,es ESP,GK,25,0.6,1,0,0,1,0,0.5,0.17,-0.5,-0.75,2,5,40.0,15,4,26.7,29.1,3,33.3,32.7,Matches,0,0.0,0,0.00,8.3
Guillaume Restes,Toulouse,fr FRA,GK,18,43.0,59,6,2,7,1,55.0,0.29,-1.0,-0.02,131,398,32.9,901,121,29.0,30.1,262,52.3,41.2,Matches,10,1.6,18,0.43,11.1
Álex Domínguez,Toulouse,es ESP,GK,25,2.0,3,1,,,,,,,,,,,,,,,,,,Matches,,,,,
Bart Verbruggen,Brighton,nl NED,GK,20,27.0,33,4,0,3,0,26.3,0.23,-1.7,-0.07,65,166,39.2,884,132,17.8,24.7,85,10.6,17.2,Matches,20,7.2,33,1.38,15.7
Jason Steele,Brighton,eng ENG,GK,32,23.0,44,3,1,8,2,33.2,0.35,-7.8,-0.36,56,154,36.4,773,84,18.6,26.2,66,15.2,18.8,Matches,7,3.3,56,2.55,21.0
Neto,Bournemouth,br BRA,GK,34,32.0,55,5,1,3,1,55.2,0.31,+1.2,+0.04,172,494,34.8,833,154,44.1,36.9,223,57.0,44.2,Matches,26,6.3,34,1.06,13.7
Mark Travers,Bournemouth,ie IRL,GK,24,7.3,8,1,0,0,0,5.0,0.23,0.0,+0.01,22,72,30.6,92,13,55.4,41.7,26,80.8,55.6,Matches,3,5.0,3,0.75,14.8
Ionuț Radu,Bournemouth,ro ROU,GK,26,5.0,11,1,0,3,0,2.9,0.27,-4.1,-2.04,5,15,33.3,57,10,19.3,26.9,11,36.4,29.2,Matches,2,10.5,0,0.00,9.6
Kevin Müller,Heidenheim,de GER,GK,32,35.0,55,7,0,7,3,53.6,0.27,+1.6,+0.05,249,595,41.8,1164,167,35.2,35.9,316,58.5,46.1,Matches,24,4.8,17,0.50,13.2
Vitus Eicher,Heidenheim,de GER,GK,32,1.0,3,0,,,,,,,,,,,,,,,,,,Matches,,,,,
Bernd Leno,Fulham,de GER,GK,31,41.3,65,8,2,3,4,55.7,0.26,-1.3,-0.03,144,439,32.8,1372,167,23.7,28.5,201,56.7,44.7,Matches,19,4.0,40,1.05,14.2
Marek Rodák,Fulham,sk SVK,GK,26,5.3,5,0,,,,,,,,,,,,,,,,,,Matches,,,,,
Michael Zetterer,Werder Bremen,de GER,GK,28,27.0,37,4,0,4,1,41.0,0.30,+5.0,+0.18,145,330,43.9,977,161,28.5,32.7,144,36.1,38.1,Matches,34,8.4,30,1.11,14.6
Jiří Pavlenka,Werder Bremen,cz CZE,GK,31,8.0,20,2,0,1,0,13.1,0.30,-3.9,-0.56,31,85,36.5,177,37,37.9,34.2,69,26.1,32.5,Matches,7,6.4,9,1.29,14.4
Noah Atubolu,Freiburg,de GER,GK,21,45.3,72,3,1,7,1,63.6,0.31,-7.4,-0.17,252,737,34.2,1592,202,33.8,33.7,304,65.5,50.1,Matches,37,6.2,35,0.80,13.2
Florian Müller,Freiburg,de GER,GK,25,1.0,3,0,,,,,,,,,,,,,,,,,,Matches,,,,,
Benjamin Lecomte,Montpellier,fr FRA,GK,32,33.0,42,5,2,3,3,36.8,0.24,+2.8,+0.09,150,436,34.4,781,137,44.2,36.6,221,41.2,36.4,Matches,29,6.2,13,0.43,9.5
Dimitry Bertaud,Montpellier,cd COD,GK,25,4.0,11,0,0,1,0,10.9,0.32,-0.1,-0.02,18,61,29.5,118,26,42.4,38.0,23,47.8,42.5,Matches,3,5.4,0,0.00,9.6
Antonio Sivera,Alavés,es ESP,GK,26,35.0,40,8,0,3,2,38.4,0.25,+2.4,+0.07,279,701,39.8,807,116,62.3,44.6,295,67.1,47.8,Matches,25,5.0,29,0.85,13.1
Jesús Owono,Alavés,gq EQG,GK,22,7.0,8,0,0,1,0,6.4,0.27,-1.6,-0.40,36,77,46.8,88,9,54.5,41.7,31,93.5,66.8,Matches,4,13.8,8,2.00,15.2
José Sá,Wolves,pt POR,GK,30,39.1,64,8,1,7,1,65.9,0.31,+8.9,+0.26,87,424,20.5,841,190,33.3,33.0,253,56.9,42.6,Matches,45,8.6,28,0.83,12.6
Daniel Bentley,Wolves,eng ENG,GK,30,6.3,10,0,0,0,0,5.8,0.39,-1.2,-0.28,13,56,23.2,111,9,36.0,33.8,33,48.5,36.9,Matches,0,0.0,3,0.70,13.3
Sergio Herrera,Osasuna,es ESP,GK,30,32.9,49,0,0,6,0,45.6,0.34,-1.4,-0.04,282,658,42.9,961,100,52.0,40.4,222,71.2,51.2,Matches,29,6.2,43,1.35,16.4
Aitor Fernández,Osasuna,es ESP,GK,32,8.5,11,2,0,2,0,6.1,0.26,-2.9,-0.47,47,113,41.6,174,19,56.3,42.5,22,68.2,49.7,Matches,1,1.4,15,2.45,24.8
Michele Di Gregorio,Monza,it ITA,GK,26,32.9,37,4,1,5,0,45.4,0.26,+10.4,+0.33,179,430,41.6,1126,201,27.8,30.6,223,52.5,44.2,Matches,19,4.1,18,0.56,11.5
Alessandro Sorrentino,Monza,it ITA,GK,21,6.1,16,4,0,1,0,14.4,0.34,-1.6,-0.27,18,56,32.1,151,29,26.5,30.6,42,38.1,36.1,Matches,3,4.8,3,0.49,16.8
Finn Dahmen,Augsburg,de GER,GK,25,32.0,54,7,0,10,2,49.3,0.26,-0.7,-0.02,169,450,37.6,1151,92,30.8,32.4,187,51.3,44.3,Matches,28,5.8,50,1.61,15.0
Tomáš Koubek,Augsburg,cz CZE,GK,30,3.0,8,0,0,2,0,6.7,0.29,-1.3,-0.43,16,40,40.0,74,6,36.5,34.5,24,54.2,46.5,Matches,2,5.6,2,0.67,11.6
Alaa Bellaarouch,Strasbourg,ma MAR,GK,21,19.3,28,3,0,1,1,19.8,0.25,-5.2,-0.35,56,183,30.6,440,57,36.4,34.4,61,37.7,36.0,Matches,19,9.4,21,1.40,13.4
Matz Sels,Strasbourg,be BEL,GK,31,19.0,24,1,0,2,2,20.0,0.31,-2.0,-0.11,88,226,38.9,505,68,37.4,34.5,113,32.7,33.7,Matches,6,2.3,19,1.00,13.9
David Soria,Getafe,es ESP,GK,30,39.9,55,5,0,6,0,53.9,0.29,+1.9,+0.05,339,908,37.3,979,123,66.2,45.8,310,83.9,57.3,Matches,17,3.7,62,1.63,17.3
Daniel Fuzato,Getafe,br BRA,GK,26,2.1,3,0,0,1,0,1.3,0.63,-0.7,-9.63,2,7,28.6,6,1,50.0,39.2,4,100.0,71.8,Matches,1,20.0,0,0.00,10.7
Jordan Pickford,Everton,eng ENG,GK,29,42.3,54,8,0,9,3,52.4,0.28,+4.4,+0.12,360,901,40.0,1297,141,56.7,41.6,273,60.8,48.3,Matches,30,5.3,54,1.42,15.9
João Virgínia,Everton,pt POR,GK,23,3.0,2,0,,,,,,,,,,,,,,,,,,Matches,,,,,
Koen Casteels,Wolfsburg,be BEL,GK,31,27.3,40,2,0,2,2,36.4,0.30,-0.6,-0.03,161,390,41.3,786,118,36.3,35.0,161,65.2,48.4,Matches,25,7.5,38,1.52,15.7
Pavao Pervan,Wolfsburg,at AUT,GK,35,10.0,17,0,2,2,1,11.5,0.32,-4.5,-0.51,40,104,38.5,263,39,33.5,32.8,37,43.2,39.6,Matches,1,0.8,3,0.33,12.1
Ørjan Nyland,Sevilla,no NOR,GK,32,28.0,32,4,1,1,1,34.1,0.26,+4.1,+0.16,182,483,37.7,647,118,48.5,38.9,220,76.8,55.1,Matches,20,5.2,17,0.65,13.3
Marko Dmitrović,Sevilla,rs SRB,GK,31,19.0,34,3,1,3,2,29.0,0.32,-2.0,-0.11,77,224,34.4,423,80,36.2,33.8,117,60.7,47.1,Matches,17,8.3,17,1.00,13.6
Yassine Bounou,Sevilla,ma MAR,GK,32,2.0,3,0,0,0,0,1.1,0.37,-0.9,-0.88,6,16,37.5,24,4,41.7,36.1,7,85.7,57.4,Matches,0,0.0,0,0.00,
Alberto López,Sevilla,es ESP,GK,19,1.0,1,0,,,,,,,,,,,,,,,,,,Matches,,,,,
Vicente Guaita,Celta Vigo,es ESP,GK,36,26.7,39,4,0,5,2,39.7,0.31,+2.7,+0.10,137,356,38.5,589,134,39.4,35.5,213,58.2,45.3,Matches,23,5.5,27,1.01,13.3
Iván Villar,Celta Vigo,es ESP,GK,26,15.3,23,3,0,2,1,16.3,0.31,-0.7,-0.07,39,138,28.3,223,48,35.4,34.4,98,60.2,45.7,Matches,5,3.7,9,0.80,13.2
Agustín Marchesín,Celta Vigo,ar ARG,GK,35,1.0,1,0,,,,,,,,,,,,,,,,,,Matches,,,,,
Predrag Rajković,Mallorca,rs SRB,GK,27,36.0,43,4,1,4,1,41.8,0.27,-0.2,-0.01,322,795,40.5,946,117,60.9,44.7,300,73.0,54.3,Matches,33,6.6,28,0.78,13.7
Dominik Greif,Mallorca,sk SVK,GK,26,9.0,4,1,0,0,0,0.7,0.16,+0.7,+0.66,10,18,55.6,23,3,52.2,42.0,9,66.7,54.2,Matches,0,0.0,1,1.00,23.0
Iván Cuéllar,Mallorca,es ESP,GK,39,2.0,1,0,0,0,0,1.2,0.19,+0.2,+0.17,1,11,9.1,32,8,31.3,33.0,3,33.3,35.7,Matches,1,16.7,0,0.00,7.0
Álvaro Vallés,Las Palmas,es ESP,GK,26,36.3,44,5,0,5,3,48.7,0.28,+7.7,+0.21,137,447,30.6,1762,194,21.7,27.3,151,42.4,39.1,Matches,29,5.6,96,2.65,17.8
Aarón Escandell,Las Palmas,es ESP,GK,27,5.0,6,1,0,0,0,2.5,0.62,-0.5,-0.30,9,26,34.6,73,10,27.4,30.4,12,50.0,41.3,Matches,1,4.2,4,2.35,18.0
Mark Flekken,Brentford,nl NED,GK,30,37.5,64,2,0,6,0,55.4,0.31,-7.6,-0.21,242,647,37.4,1288,131,36.6,34.5,289,60.9,46.7,Matches,44,7.7,37,1.01,12.6
Thomas Strakosha,Brentford,al ALB,GK,28,3.8,6,1,0,0,0,1.5,0.20,-0.5,-0.30,12,30,40.0,56,5,41.1,35.8,15,46.7,39.9,Matches,2,5.4,1,0.67,10.0
Ellery Balcombe,Brentford,eng ENG,GK,23,1.3,1,0,,,,,,,,,,,,,,,,,,Matches,,,,,
Robin Zentner,Mainz 05,de GER,GK,28,32.0,51,5,1,2,1,49.2,0.37,+2.2,+0.07,180,512,35.2,862,146,47.3,38.5,177,58.8,46.4,Matches,42,10.7,48,1.60,16.0
Daniel Batz,Mainz 05,de GER,GK,32,4.0,3,0,1,0,0,2.4,0.15,-0.6,-0.15,18,58,31.0,132,14,38.6,34.7,21,33.3,34.8,Matches,4,10.5,2,0.50,11.3
Moritz Nicolas,Gladbach,de GER,GK,25,30.3,52,4,0,6,0,45.1,0.26,-3.9,-0.14,112,315,35.6,888,140,26.0,29.7,161,52.2,42.5,Matches,21,4.6,22,0.81,13.2
Jonas Omlin,Gladbach,ch SUI,GK,29,8.0,18,2,0,1,0,13.3,0.24,-4.7,-0.67,32,90,35.6,242,37,30.2,32.3,34,50.0,41.8,Matches,7,9.0,12,1.71,15.3
Lorenzo Montipò,Hellas Verona,it ITA,GK,27,38.0,50,3,0,6,1,40.7,0.26,-7.3,-0.20,323,763,42.3,960,109,54.5,41.1,305,78.7,56.4,Matches,22,4.5,43,1.16,15.3
Simone Perilli,Hellas Verona,it ITA,GK,28,2.0,4,0,0,0,0,2.7,0.29,+0.7,+0.75,8,28,28.6,32,2,75.0,49.5,5,80.0,62.0,Matches,0,0.0,2,2.00,18.0
Stole Dimitrievski,Rayo Vallecano,mk MKD,GK,29,37.0,47,1,1,5,2,46.9,0.31,+1.9,+0.05,168,598,28.1,928,171,47.1,39.4,267,60.3,48.4,Matches,23,4.3,38,1.03,14.6
Cárdenas,Rayo Vallecano,es ESP,GK,26,5.3,4,1,0,0,0,0.9,0.93,-0.1,-0.07,2,15,13.3,36,5,36.1,36.3,4,50.0,53.5,Matches,0,0.0,2,2.00,17.0
Wladimiro Falcone,Lecce,it ITA,GK,28,39.0,54,5,1,7,1,53.2,0.28,+0.2,+0.01,152,489,31.1,893,159,42.6,34.9,248,44.0,35.2,Matches,20,3.8,20,0.53,11.0
Federico Brancolini,Lecce,it ITA,GK,22,1.0,4,1,,,,,,,,,,,,,,,,,,Matches,,,,,
Maduka Okoye,Udinese,ng NGA,GK,23,22.3,27,3,2,3,1,23.9,0.24,-0.1,0.00,99,263,37.6,286,45,55.9,41.7,161,64.0,49.0,Matches,7,1.9,2,0.10,8.7
Marco Silvestri,Udinese,it ITA,GK,32,18.0,29,6,0,2,0,25.7,0.29,-2.3,-0.14,57,168,33.9,345,68,33.6,32.3,105,49.5,42.1,Matches,5,1.8,7,0.41,13.1
Alban Lafont,Nantes,fr FRA,GK,24,29.7,45,8,0,2,0,42.4,0.31,-0.6,-0.02,123,388,31.7,839,145,34.2,34.0,166,60.8,46.9,Matches,33,8.6,33,1.19,13.0
Rémy Descamps,Nantes,fr FRA,GK,27,6.0,11,1,0,0,0,12.5,0.35,+1.5,+0.26,51,125,40.8,141,28,51.1,40.3,71,74.6,49.8,Matches,8,6.9,0,0.00,7.8
Denis Petrić,Nantes,rs SRB,GK,35,0.3,1,0,0,1,0,0.3,0.28,-0.7,-2.71,1,2,50.0,7,2,28.6,30.7,0,,,Matches,0,0.0,0,0.00,
Frederik Rønnow,Union Berlin,dk DEN,GK,30,41.0,67,5,2,10,1,62.2,0.29,-2.8,-0.07,228,614,37.1,1250,205,36.2,33.9,262,61.5,46.8,Matches,61,9.3,38,0.97,12.1
Alexander Schwolow,Union Berlin,de GER,GK,31,1.0,2,0,0,0,0,1.2,0.20,-0.8,-0.81,4,10,40.0,28,4,32.1,34.1,8,12.5,28.4,Matches,0,0.0,0,0.00,5.0
Manuel Riemann,Bochum,de GER,GK,34,34.3,72,9,0,9,3,59.6,0.27,-7.4,-0.22,430,1041,41.3,1498,89,61.0,42.5,208,61.1,46.9,Matches,35,6.9,104,3.15,19.8
Andreas Luthe,Bochum,de GER,GK,36,1.0,4,0,0,0,1,2.7,0.68,-0.3,-0.30,20,43,46.5,42,2,85.7,51.3,7,100.0,61.1,Matches,0,0.0,0,0.00,7.7
Elia Caprile,Empoli,it ITA,GK,21,24.0,29,4,0,5,0,27.6,0.22,+0.6,+0.02,117,350,33.4,657,137,40.3,36.8,159,53.5,45.1,Matches,31,7.9,20,0.87,13.3
Etrit Berisha,Empoli,al ALB,GK,34,14.0,25,2,0,5,1,20.7,0.24,-3.3,-0.24,44,184,23.9,400,75,34.8,33.0,90,50.0,40.8,Matches,11,4.7,10,0.71,12.4
Samuele Perisan,Empoli,it ITA,GK,25,1.0,2,0,0,0,0,0.7,0.14,-1.3,-1.32,1,8,12.5,22,8,27.3,26.3,12,16.7,29.6,Matches,0,0.0,1,1.00,21.0
Simone Scuffet,Cagliari,it ITA,GK,27,31.0,55,3,3,9,2,45.1,0.33,-7.9,-0.25,161,452,35.6,684,106,43.3,37.1,243,64.2,46.9,Matches,22,4.6,20,0.65,12.1
Boris Radunović,Cagliari,rs SRB,GK,27,10.7,18,0,0,1,1,10.1,0.38,-0.9,-0.13,41,91,45.1,156,31,35.9,37.0,66,53.0,43.8,Matches,6,6.1,4,0.57,11.2
Simone Aresti,Cagliari,it ITA,GK,37,0.0,1,1,0,0,0,1.0,0.00,0.0,-1.21,0,1,0.0,1,0,100.0,64.0,0,,,Matches,0,0.0,0,0.00,
Arthur Desmas,Le Havre,fr FRA,GK,29,33.0,43,1,0,5,2,47.0,0.30,+6.0,+0.18,155,454,34.1,719,135,46.9,37.1,222,52.7,39.1,Matches,32,6.8,24,0.73,12.5
Mathieu Gorgelin,Le Havre,fr FRA,GK,32,3.0,5,1,0,0,0,2.9,0.39,+0.9,+0.92,3,9,33.3,17,0,47.1,33.1,2,50.0,32.5,Matches,0,0.0,1,1.00,14.5
Mohamed Koné,Le Havre,ci CIV,GK,21,1.0,1,0,,,,,,,,,,,,,,,,,,Matches,,,,,
Stefano Turati,Frosinone,it ITA,GK,21,31.5,58,5,0,10,1,47.5,0.28,-9.5,-0.31,72,316,22.8,919,147,27.3,29.2,144,45.1,38.8,Matches,18,4.4,19,0.62,13.7
Michele Cerofolini,Frosinone,it ITA,GK,24,10.8,16,1,0,1,1,5.9,0.22,-4.1,-0.55,18,100,18.0,171,28,47.4,37.2,38,50.0,42.8,Matches,4,3.2,7,0.93,14.3
Jeremías Ledesma,Cádiz,ar ARG,GK,30,33.9,47,2,0,6,0,46.4,0.30,-0.6,-0.02,313,785,39.9,897,115,60.4,44.0,284,85.6,62.1,Matches,53,10.1,45,1.33,12.9
David Gil,Cádiz,es ESP,GK,29,4.1,8,0,0,0,1,5.3,0.26,-1.7,-0.40,51,125,40.8,104,8,76.9,49.3,48,93.8,63.5,Matches,7,7.7,0,0.00,7.0
Victor Wehbi,Cádiz,br BRA,GK,20,1.0,2,0,,,,,,,,,,,,,,,,,,Matches,,,,,
Alexandre Oukidja,Metz,dz ALG,GK,35,34.2,58,6,1,7,0,52.3,0.26,-4.7,-0.14,209,666,31.4,708,125,57.3,42.4,292,89.0,59.0,Matches,46,8.1,22,0.66,10.3
Guillaume Dietsch,Metz,fr FRA,GK,22,0.8,1,0,0,0,0,0.8,0.31,-0.2,-0.21,6,16,37.5,19,3,47.4,36.4,7,100.0,63.0,Matches,1,7.1,0,0.00,3.0
Yvon Mvogo,Lorient,ch SUI,GK,29,34.0,66,8,1,8,1,63.1,0.27,-1.9,-0.06,139,378,36.8,921,162,29.1,31.4,228,48.2,38.8,Matches,24,4.1,13,0.38,8.9
Alfred Gomis,Lorient,sn SEN,GK,29,1.0,2,1,,,,,,,,,,,,,,,,,,Matches,,,,,
Matt Turner,Nott'ham Forest,us USA,GK,29,21.3,31,2,1,4,0,22.1,0.26,-5.9,-0.35,126,280,45.0,436,99,42.7,35.7,136,69.1,47.0,Matches,30,10.1,18,1.06,13.3
Matz Sels,Nott'ham Forest,be BEL,GK,31,16.0,27,1,0,9,2,17.2,0.27,-7.8,-0.49,75,179,41.9,283,51,45.9,36.6,93,52.7,41.4,Matches,11,4.9,4,0.25,9.4
Odisseas Vlachodimos,Nott'ham Forest,gr GRE,GK,29,7.3,16,1,0,2,0,7.9,0.31,-4.1,-0.83,28,60,46.7,130,21,25.4,29.6,44,61.4,44.3,Matches,3,3.3,2,0.40,10.3
Andrea Consigli,Sassuolo,it ITA,GK,36,36.3,70,8,1,7,3,51.7,0.28,-13.3,-0.38,172,540,31.9,982,143,42.3,36.9,252,49.6,41.2,Matches,23,4.2,22,0.63,11.8
Alessio Cragno,Sassuolo,it ITA,GK,29,5.3,10,1,1,1,1,5.1,0.30,-0.9,-0.28,17,45,37.8,78,11,50.0,37.8,22,27.3,30.5,Matches,3,8.1,8,2.67,18.6
Marvin Schwäbe,Köln,de GER,GK,28,36.3,64,3,0,10,0,62.0,0.36,+2.0,+0.06,135,372,36.3,1148,101,28.4,31.4,149,30.9,34.3,Matches,14,2.8,21,0.62,13.4
Mory Diaw,Clermont Foot,sn SEN,GK,30,30.0,54,6,0,5,1,57.1,0.28,+4.1,+0.14,206,558,36.9,1065,129,42.8,36.7,176,58.0,44.5,Matches,39,8.9,46,1.53,14.4
Massamba Ndiaye,Clermont Foot,sn SEN,GK,21,5.0,7,1,0,1,0,7.8,0.29,+1.8,+0.45,20,55,36.4,148,28,29.7,30.9,24,45.8,35.1,Matches,7,9.3,3,0.75,10.1
Théo Borne,Clermont Foot,fr FRA,GK,21,1.0,3,0,,,,,,,,,,,,,,,,,,Matches,,,,,
Thomas Kaminski,Luton Town,be BEL,GK,30,37.8,85,4,0,13,4,77.6,0.34,-3.4,-0.09,271,808,33.5,1121,150,52.0,39.5,341,66.0,47.5,Matches,16,2.9,76,2.01,20.5
Tim Krul,Luton Town,nl NED,GK,35,6.0,11,0,,,,,,,,,,,,,,,,,,Matches,,,,,
James Shea,Luton Town,eng ENG,GK,32,0.2,0,0,0,0,0,0.1,0.06,+0.1,+0.75,3,6,50.0,6,1,83.3,50.8,3,33.3,37.3,Matches,0,0.0,1,6.00,19.0
James Trafford,Burnley,eng ENG,GK,20,28.0,62,5,0,10,2,54.1,0.30,-5.9,-0.21,138,606,22.8,1332,162,33.9,31.3,198,78.3,54.2,Matches,30,7.2,43,1.54,15.0
Arijanet Muric,Burnley,xk KVX,GK,24,14.0,20,1,0,1,1,21.7,0.26,+6.7,+0.67,77,219,35.2,547,54,36.4,34.3,33,60.6,45.1,Matches,20,14.0,31,3.10,17.2
Luís Maximiano,Almería,pt POR,GK,24,34.0,63,4,0,7,0,59.7,0.32,-3.3,-0.10,158,543,29.1,995,146,38.4,35.5,264,61.0,46.3,Matches,25,4.5,38,1.15,14.5
Fernando,Almería,es ESP,GK,33,4.0,10,0,0,1,0,8.5,0.37,-1.5,-0.36,22,67,32.8,133,28,39.8,35.6,26,53.8,44.0,Matches,4,5.6,7,1.75,14.5
Diego Mariño,Almería,es ESP,GK,33,2.0,3,2,0,0,0,2.1,0.02,+0.1,+0.05,1,5,20.0,25,6,20.0,24.1,2,0.0,16.5,Matches,0,0.0,2,2.00,22.7
Augusto Batalla,Granada,ar ARG,GK,27,17.0,28,0,0,6,0,22.6,0.27,-5.4,-0.32,127,354,35.9,566,78,45.8,39.4,122,77.9,55.9,Matches,23,8.4,18,1.06,14.2
André Ferreira,Granada,pt POR,GK,27,14.9,29,3,0,2,1,27.8,0.33,-0.2,-0.01,73,186,39.2,388,88,31.4,32.2,110,58.2,44.3,Matches,6,3.1,13,0.87,12.6
Raúl Fernández,Granada,es ESP,GK,35,3.1,11,0,0,1,1,7.8,0.46,-2.2,-0.71,14,47,29.8,88,10,37.5,35.7,17,82.4,62.1,Matches,4,11.1,11,3.54,17.3
Marc Martínez,Granada,es ESP,GK,33,3.0,11,2,0,3,0,12.1,0.46,+1.1,+0.37,17,39,43.6,74,9,33.8,33.3,24,58.3,46.3,Matches,0,0.0,10,3.33,23.0
Adrián López ,Granada,es ESP,GK,24,1.0,0,0,,,,,,,,,,,,,,,,,,Matches,,,,,
Marcel Schuhen,Darmstadt 98,de GER,GK,30,32.0,79,1,2,7,2,68.0,0.34,-6.0,-0.19,245,618,39.6,1204,182,36.3,34.8,289,62.6,48.5,Matches,24,5.3,51,1.65,16.5
Alexander Brunst,Darmstadt 98,de GER,GK,28,3.0,10,0,0,2,0,6.3,0.37,-3.7,-1.25,33,72,45.8,129,13,41.1,36.0,21,90.5,59.6,Matches,3,5.9,9,3.00,19.1
Guillermo Ochoa,Salernitana,mx MEX,GK,38,21.0,44,7,0,3,1,37.2,0.27,-5.8,-0.28,85,323,26.3,479,73,46.3,37.5,171,59.1,44.4,Matches,9,2.6,11,0.52,13.6
Benoît Costil,Salernitana,fr FRA,GK,36,15.0,29,3,0,2,1,23.6,0.32,-4.4,-0.34,71,228,31.1,323,45,48.0,37.0,104,70.2,51.1,Matches,2,0.9,19,1.46,18.2
Vincenzo Fiorillo,Salernitana,it ITA,GK,33,5.0,14,0,0,4,0,7.3,0.28,-0.7,-0.18,27,96,28.1,72,9,68.1,44.9,54,87.0,56.6,Matches,4,5.2,1,0.25,7.6
Wes Foderingham,Sheffield Utd,eng ENG,GK,32,30.4,79,5,0,8,5,70.5,0.33,-3.5,-0.12,206,619,33.3,782,101,54.6,40.2,262,73.3,52.3,Matches,28,6.0,42,1.43,14.7
Ivo Grbić,Sheffield Utd,hr CRO,GK,27,9.6,30,2,0,4,2,14.7,0.25,-8.3,-0.97,65,199,32.7,207,25,57.5,41.2,89,89.9,59.4,Matches,11,5.7,14,1.63,14.4
Adam Davies,Sheffield Utd,wls WAL,GK,31,1.0,0,0,,,,,,,,,,,,,,,,,,Matches,,,,,
